Name,Age,Gender,Mean_RR,STD_RR,RMS_RR,Mean_HR,STD_HR,RMSSD,Status
Althaf Pasha,35,M,811.8162790697675,88.94883175394945,816.6747000079499,73.90834791925083,8.546259191686712,66.57164698247416,0
Amarnath,37,M,849.8529411764706,988.2462223660465,1303.4111468170966,70.60044990482783,21.662094799243295,1221.0672554876912,0
Amzad Pasha,37,M,797.4693486590038,300.83192974565173,852.3245931011897,75.23800143653655,8.337015726883184,365.42183024701677,0
Anjali,30,F,837.2519413287316,275.16328475223355,881.3090527927016,71.66301687491949,8.317618024908102,361.26938291401086,0
Arun kumar,36,M,885.1020408163265,44.92181184578977,886.2412717972092,67.78879409730229,3.3743052081136864,35.86403723323222,0
Balaji,31,M,854.8155467720685,80.75048327292978,858.6211385425134,70.19058114533642,7.174997077286504,63.92662822434457,0
Balaji E,32,M,1011.6635220125786,42.50841562462875,1012.5561945738178,59.308256840809555,2.73795550432925,43.7431562921273,0
Bharathi A,34,M,661.9368815191227,132.83120770983172,675.1329979025716,90.64308346484944,11.515796073419287,144.43810799508037,0
Divya Singh,35,F,813.1069066862601,89.56050313383113,818.0244039284424,73.79103474169749,9.184007190664705,51.82078707241058,0
Doreswamy,35,M,758.7102746066029,64.68423515069513,761.462626181126,79.08157040724203,6.510454996264772,41.23481389000331,0
Dr Aarathi S,31,F,826.0888638920135,87.87113041424107,830.7491478218165,72.63141124711156,8.801565070083514,49.580921905045685,0
Dr Aarti Jagannathan,35,F,772.7677743431221,66.07168906554311,775.5871976503972,77.64298925508632,6.0806905658739145,47.43830041587831,0
Dr Nikhil Ratna,30,M,920.865398683248,101.06772785257861,926.3950389036743,65.15610216845418,7.1123111299493775,89.26130356807771,0
Dr Raghavendra Kumar,32,M,853.6666666666666,59.23775072629878,855.7195153138024,70.28504490433424,4.983387562234588,66.13905805195596,0
Dr Shanbhag Vandita Mohan,29,f,920.1356783919598,106.17338050645766,926.241034168753,65.2077746891162,8.783039579746271,84.87098969900217,0
Dr Tanmoy Kar,29,M,681.3951696856132,202.2928594703721,710.7895456909769,88.05463065974362,8.69306078466741,261.9382317159632,0
Geetha,28,F,663.012654012654,40.93264009756944,664.2749885448499,90.49601035043723,5.385080829518999,23.67296757353223,0
Girimalla G,38,M,705.6286481046628,150.273448520496,721.4526307085284,85.03056127491647,9.43439723474518,168.7067876564019,0
Girish V,31,M,857.2925423728814,99.21164594011385,863.014167843324,69.98777784060422,8.625021024250948,87.27655284691076,0
G Yashwanth,27,M,904.0918494000828,91.68000241127864,908.7283945127906,66.36493851793207,7.2503707381428,70.03466797624621,0
Althaf Pasha,35,M,811.8162790697675,88.94883175394945,816.6747000079499,73.90834791925083,8.546259191686712,66.57164698247416,0
Amarnath,37,M,849.8529411764706,988.2462223660465,1303.4111468170966,70.60044990482783,21.662094799243295,1221.0672554876912,0
Amzad Pasha,37,M,797.4693486590038,300.83192974565173,852.3245931011897,75.23800143653655,8.337015726883184,365.42183024701677,0
Anjali,30,F,837.2519413287316,275.16328475223355,881.3090527927016,71.66301687491949,8.317618024908102,361.26938291401086,0
Arun kumar,36,M,885.1020408163265,44.92181184578977,886.2412717972092,67.78879409730229,3.3743052081136864,35.86403723323222,0
Balaji,31,M,854.8155467720685,80.75048327292978,858.6211385425134,70.19058114533642,7.174997077286504,63.92662822434457,0
Balaji E,32,M,1011.6635220125786,42.50841562462875,1012.5561945738178,59.308256840809555,2.73795550432925,43.7431562921273,0
Bharathi A,34,M,661.9368815191227,132.83120770983172,675.1329979025716,90.64308346484944,11.515796073419287,144.43810799508037,0
Divya Singh,35,F,813.1069066862601,89.56050313383113,818.0244039284424,73.79103474169749,9.184007190664705,51.82078707241058,0
Doreswamy,35,M,758.7102746066029,64.68423515069513,761.462626181126,79.08157040724203,6.510454996264772,41.23481389000331,0
Dr Aarathi S,31,F,826.0888638920135,87.87113041424107,830.7491478218165,72.63141124711156,8.801565070083514,49.580921905045685,0
Dr Aarti Jagannathan,35,F,772.7677743431221,66.07168906554311,775.5871976503972,77.64298925508632,6.0806905658739145,47.43830041587831,0
Dr Nikhil Ratna,30,M,920.865398683248,101.06772785257861,926.3950389036743,65.15610216845418,7.1123111299493775,89.26130356807771,0
Dr Raghavendra Kumar,32,M,853.6666666666666,59.23775072629878,855.7195153138024,70.28504490433424,4.983387562234588,66.13905805195596,0
Dr Shanbhag Vandita Mohan,29,f,920.1356783919598,106.17338050645766,926.241034168753,65.2077746891162,8.783039579746271,84.87098969900217,0
Dr Tanmoy Kar,29,M,681.3951696856132,202.2928594703721,710.7895456909769,88.05463065974362,8.69306078466741,261.9382317159632,0
Geetha,28,F,663.012654012654,40.93264009756944,664.2749885448499,90.49601035043723,5.385080829518999,23.67296757353223,0
Girimalla G,38,M,705.6286481046628,150.273448520496,721.4526307085284,85.03056127491647,9.43439723474518,168.7067876564019,0
Girish V,31,M,857.2925423728814,99.21164594011385,863.014167843324,69.98777784060422,8.625021024250948,87.27655284691076,0
G Yashwanth,27,M,904.0918494000828,91.68000241127864,908.7283945127906,66.36493851793207,7.2503707381428,70.03466797624621,0
Harini M B,34,F,817.1039644012945,91.86845166578127,822.2522125551137,73.4300684050199,6.642447688452652,99.75184709866433,0
Jogindher Sharma,29,M,702.5163352272727,50.214447492213125,704.3086624471589,85.40726669450221,5.973711108890021,34.36598373779856,0
Kumar Subham,28,M,708.8317031070195,220.14838895758632,742.2315652747589,84.64632681777947,12.0410959475598,282.2678951002337,0
Mahendra,29,M,657.6450878334417,312.3250520263074,728.0412074015392,91.23462048148967,7.501833153302531,392.6150476726092,0
Mamatha M,38,F,794.4685742235265,54.508673200632515,796.3363051392649,75.52218167803676,5.212947144902618,39.28607631927119,0
Manjula,33,F,822.8645465253239,129.6247052844593,833.0117803179076,72.91601060388312,5.807257325746892,116.69275716972248,0
Mihir Perdharkar,38,M,715.0282037239868,83.28753375523668,719.8625878595032,83.91277391228756,6.608142432557258,90.91431399801047,0
Murali,35,M,653.3714285714286,16.179194248497428,653.5717175643389,91.83138009445513,2.257727054052718,12.648771578481576,0
Murthy,28,M,672.3723714008412,135.80644780396202,685.9504334048642,89.2362663192037,10.577006226341666,182.45750225586735,0
Nagaraj N,38,M,659.4289636238847,27.214959370629323,659.9903121104246,90.98781416920278,3.7588059391133792,8.511264352557784,0
Nandita,26,F,864.1989828353464,80.16171559671015,867.9088561485332,69.42845477918324,7.406865899220912,30.6911275455285,0
Palaniswamy,47,M,892.7957746478874,310.76918518575746,945.3368614891418,67.20461913438557,19.834819458668868,362.16127241056927,0
Parameshwar,26,M,726.3078149920256,51.825689191153266,728.1544782383944,82.60960265264221,5.550658219920351,42.71290973021749,0
Pintu,31,M,712.9472459270753,40.76248077822954,714.1115846380012,84.1576993848675,5.026301184170967,32.04083186860632,0
Prabhakaran,57,M,584.886743886744,12.430037593324954,585.0188108163779,102.58396283916849,2.1624861682045293,4.078037860068487,0
Prakash.G,43,M,754.2730290456432,14.787770360526663,754.4179746651887,79.54679232786042,1.5774836210319465,8.133336510356477,0
Prasanth Y N,35,M,769.475841874085,70.67851816707943,772.7150342513894,77.97515754863457,6.083445438760442,77.17842183961757,0
Prasanth Y N,35,M,757.242205323194,81.79164551312631,761.6466574458783,79.23488624672177,9.297429399685706,48.23435561921358,0
Praveen,27,M,661.8019943019943,26.958353372110473,662.350837908908,90.66155816481375,3.581926786364222,19.530702112771547,0
Praveen Krishnaiah,30,M,976.7592503604036,116.49143277041726,983.6812934449462,61.42762403106115,8.075630499764063,74.0227615721626,0
Pritee Chhanda Mohanthy,27,F,662.6666666666666,2.0548046676563256,662.6698524403637,90.54325955734407,0.2809703886013698,2.5495097567963922,0
Probhat Roy,37,M,774.3502109704641,64.43857016935205,777.0267553665528,77.48432059546319,6.240828552862504,52.70106907104808,0
Prudhviraj P,26,M,812.5513126491646,91.33238291494065,817.6681722170687,73.84149045846931,9.236282308746384,57.07559369819287,0
Pulak Paul,36,M,736.1759192501803,54.69546729428301,738.2049703343833,81.50225840192111,6.749842515700019,25.330473516465055,0
Purushottam Yadav,37,M,618.4457494407159,103.00228255353971,626.9646044335581,97.01740217999767,6.802119087569799,137.67359696288645,0
Puttaswamy,42,M,898.1236611489776,23.736694526079667,898.4372773781529,66.80594510030107,1.7858408319824606,19.33562700651036,0
Rafiq,36,M,697.6518968133536,237.10602286231725,736.8428836630343,86.00277627576223,10.06000303047499,319.27657963714876,0
Ragavendra,36,M,872.25,10.556396165358706,872.3138769961189,68.78761822871883,0.8361703882484235,14.227739505226099,0
Raja prabhakar,33,M,623.6399176954733,9.694650738550179,623.7152661240216,96.20936424614551,1.488336716161492,5.617406030790043,0
Rajendra t,56,M,669.0163568773235,15.497730740438156,669.1958348850576,89.68390590635755,2.062646368666412,4.861933037089554,0
Raju,39,M,602.2782152230972,17.515573062326865,602.5328570559625,99.62173374936809,3.342856448364785,19.217164438622667,0
Rakesh Kumar,32,M,697.2911604524508,57.02981618794222,699.6194411103481,86.04726892144717,7.334368614672067,23.636329975259496,0
Ramakant,32,M,767.14364461738,58.913991711660394,769.4025148751716,78.21221021771686,6.597938357534762,9.943711185996039,0
Ramesh,23,M,678.353995519044,32.84767166898088,679.1488148931163,88.44939426367036,4.163709777028492,13.140581718188,0
Ramesh,30,M,660.6515901060071,16.939869418528367,660.8687333241847,90.81942872546858,2.274696940133925,9.424568392865337,0
Rammurthy,33,M,655.4153627311522,22.207822045476707,655.7914951141188,91.54500094409852,3.0658073517719844,16.698200299386585,0
Regina Julia,37,F,773.5450324976788,170.86229249101976,792.190532824725,77.564973568853,8.228534284911703,226.6411399541191,0
Rupasingh Lambani,37,M,854.7814803892657,187.0145851283081,875.0004767239718,70.19337851432641,8.9547751833912,233.34933109928508,0
Sampath kumar,40,M,874.0114832535885,76.7319192249451,877.3732730640256,68.64898362278315,10.724196974306961,78.198924794913,0
Sandeep Sripad,35,M,648.788161209068,71.05404840226801,652.6674160086402,92.48010920573097,10.538283133149076,24.345517197401445,0
Sandhyagappa,32,M,716.9264036418816,25.1342655727713,717.3668514398786,83.69059877723676,2.911872711876698,23.065470845623253,0
Sarath kumar reddy G,26,M,905.6945117029862,164.2440379845251,920.4665406968213,66.24750313125053,8.07030615577312,190.30236442867897,0
Saravanan,32,M,560.5582554517134,22.427033685871287,561.0067108288595,107.03615443438672,4.204809533301878,16.258951112289516,0
Saravana kumar,35,M,581.8842443729903,15.407939741110225,582.0882050485061,103.11329199960214,2.7272539204970325,4.319128066709434,0
SAURABH SINGH,31,M,847.8174069089278,137.75936374367888,858.9365504837023,70.76995531237681,13.943721741445053,43.58989040799448,0
Shankar,35,M,839.682156133829,48.8512203144006,841.1019944428631,71.45560919891355,4.029348562853544,48.854782441863975,0
SHASHIKANTH,34,M,729.6908274534958,68.61708729544861,732.909959230108,82.2266057658836,7.551795415917004,39.68621307836973,0
Shwetal,34,F,689.3036026582721,77.4886929952367,693.6454095427888,87.04437314502981,11.037176206462895,42.801063896576174,0
Sister Jhonsia,34,F,571.8055555555555,5.591757050657713,571.8328961428427,104.93077483604567,1.0251992764285207,4.928053803045811,0
Srinivas,40,M,760.3996852871754,21.858621617202314,760.7137968538756,78.90587168949205,2.2011253045251156,11.056939246998287,0
Srinivas.D.V,28,M,657.8215297450425,21.149023134167887,658.1614134660565,91.21014938999444,2.8285448427590967,11.956779003515477,0
Srinivas.M,29,M,630.1598897312199,25.501812824338714,630.6756924786231,95.21393058766658,3.6491750779284216,12.019094004526929,0
Srinivas N,45,M,951.5270132517838,69.77815826017688,954.0820972631458,63.05653876809421,4.690091527867414,60.81066300159765,0
Suharabi,28,F,836.6096324461344,85.33258772740501,840.9502527676125,71.71803631350508,8.082629192217034,55.22098523909679,0
Sujatha B,35,F,660.4439298709891,49.578328601563626,662.3021932398839,90.84798464529817,6.8399190812889925,27.618842540362873,0
Sunil Babu,37,M,818.5208333333334,15.424650914276624,818.666155680398,73.30296011606302,1.3786880104874688,14.17344956991024,0
Supreeth P G,35,M,716.8005280844935,82.92862764140239,721.5817031665196,83.70529547507175,8.887296284202492,60.78950555477679,0
Suresh.N,32,M,740.3406010606953,45.070096211701916,741.7112100753525,81.04377892288663,5.112862136704021,27.106859641475285,0
Suresh.R,34,M,753.9502074688796,36.1246690168258,754.8151476049893,79.58085216453314,3.821846894664136,13.096466770105025,0
Suresh kumar,36,M,650.1129378127234,15.260102662050429,650.2920133638012,92.29165658795743,2.1559445965004125,8.571586959501248,0
Syam Kumar,38,M,674.0251723104585,156.09109421422954,691.8629651897396,89.01744692164668,11.05700993892138,199.71486644137897,0
Toton Das,34,M,787.5278953443632,65.35602831952087,790.2351525863833,76.18777741677802,6.48482468336483,55.495490110754,0
Uday kumar,44,M,667.4870848708487,24.300008716157762,667.9292618930458,89.88937967482822,3.2196007255658516,10.116529317693194,0
Umesh Kumar G,35,M,644.6259732170663,857.251449631863,1072.5775931101584,93.07723004173161,9.656896124318594,1208.4438265519273,0
Umesh K T,33,M,747.837786259542,82.2028910060701,752.3421228718543,80.23130296758849,9.394846810107953,31.15003292703684,0
Umesh lamani,33,M,741.9653270291568,31.64950977787637,742.6400460402492,80.86631250039828,3.481207621261019,33.477298207414215,0
Umesh patel,32,M,781.6641104294479,57.22595994022144,783.7560794179142,76.75931285502654,5.634361034234736,53.63076916641628,0
Vardhaman,23,M,855.719152854512,57.21880833497826,857.6300254709595,70.11646262661262,4.555712669228255,42.99377299248151,0
Vasu,35,M,704.219040247678,25.576193028925733,704.6833319280466,85.20076364151933,3.1131570182729096,8.484505401804253,0
Velayudham,38,M,622.7332873880083,14.1226239066637,622.8934063923656,96.34943436485293,2.1533353017133092,5.53957548479341,0
Venkataramanna C,28,M,961.057438794727,316.2470152695303,1011.7527243993795,62.43123207624997,12.099575859836806,380.52402633844235,0
Venkatesh.B.K,27,M,655.9128094725511,13.782952980416148,656.0576067869616,91.47557287110872,1.8655596618464332,6.1236363717805045,0
Vijendra,24,M,719.3988421694089,52.57213179932624,721.317213961106,83.40296992842643,6.496930939688799,17.21913553192874,0
Vincet,27,M,752.6450391315325,71.46774946496643,756.0305510645011,79.71885401547752,9.007665807514302,31.065595312519157,0
